Region,Local Authority,% of neighbourhoods with highest food insecurity,Number of CRVs
North East,Middlesbrough,0.3684210526315789,104
North East,Stockton-on-Tees,0.25,163
Yorkshire and The Humber,"Kingston upon Hull, City of",0.28125,123
East Midlands,Derby,0.22580645161290322,150
East Midlands,Leicester,0.40540540540540543,165
East Midlands,Nottingham,0.21052631578947367,260
West Midlands,Stoke-on-Trent,0.2647058823529412,112
South West,"Bristol, City of",0.12727272727272726,612
South West,Swindon,0.14814814814814814,275
East of England,Peterborough,0.3181818181818182,177
South East,Milton Keynes,0.125,143
South East,Southampton,0.0625,166
East of England,Bedford,0.05,114
East of England,Basildon,0.09090909090909091,109
South West,Gloucester,0.06666666666666667,128
South East,Oxford,0.1111111111111111,126
North West,Bolton,0.22857142857142856,107
North West,Manchester,0.22807017543859648,413
North West,Liverpool,0.19672131147540983,308
Yorkshire and The Humber,Sheffield,0.2,360
North East,Newcastle upon Tyne,0.20689655172413793,359
West Midlands,Birmingham,0.32575757575757575,516
West Midlands,Sandwell,0.2894736842105263,102
Yorkshire and The Humber,Bradford,0.32786885245901637,194
London,Enfield,0.1111111111111111,139
London,Hackney,0.03571428571428571,413
London,Haringey,0.05555555555555555,411
